{"draw_idx": 100, "draws": null, "_stats": [{"depth": [3, 3, 3, 3, 3, 3, 3, 5, 4, 6, 3, 4, 4, 4, 5, 6, 5, 5, 4, 4, 6, 5, 5, 5, 6, 5, 4, 4, 4, 5, 5, 4, 4, 6, 6, 6, 5, 3, 4, 4, 4, 4, 5, 5, 6, 4, 5, 4, 4, 4, 4, 4, 4, 5, 5, 5, 5, 5, 5, 4, 5, 5, 4, 6, 6, 5, 5, 4, 5, 4, 5, 4, 6, 4, 4, 5, 4, 5, 6, 5, 5, 5, 5, 5, 5, 6, 5, 5, 5, 6, 5, 5, 5, 6, 4, 4, 5, 5, 6, 5], "step_size": [0.03603291039129645, 0.03603291039129645, 0.03603291039129645, 0.03603291039129645, 0.03603291039129645, 0.03603291039129645, 0.03603291039129645, 0.03603291039129645, 0.03603291039129645, 0.03603291039129645, 0.03603291039129645, 0.03603291039129645, 0.03603291039129645, 0.03603291039129645, 0.03603291039129645, 0.03603291039129645, 0.03603291039129645, 0.03603291039129645, 0.03603291039129645, 0.03603291039129645, 0.03603291039129645, 0.03603291039129645, 0.03603291039129645, 0.03603291039129645, 0.03603291039129645, 0.03603291039129645, 0.03603291039129645, 0.03603291039129645, 0.03603291039129645, 0.03603291039129645, 0.03603291039129645, 0.03603291039129645, 0.03603291039129645, 0.03603291039129645, 0.03603291039129645, 0.03603291039129645, 0.03603291039129645, 0.03603291039129645, 0.03603291039129645, 0.03603291039129645, 0.03603291039129645, 0.03603291039129645, 0.03603291039129645, 0.03603291039129645, 0.03603291039129645, 0.03603291039129645, 0.03603291039129645, 0.03603291039129645, 0.03603291039129645, 0.03603291039129645, 0.03603291039129645, 0.03603291039129645, 0.03603291039129645, 0.03603291039129645, 0.03603291039129645, 0.03603291039129645, 0.03603291039129645, 0.03603291039129645, 0.03603291039129645, 0.03603291039129645, 0.03603291039129645, 0.03603291039129645, 0.03603291039129645, 0.03603291039129645, 0.03603291039129645, 0.03603291039129645, 0.03603291039129645, 0.03603291039129645, 0.03603291039129645, 0.03603291039129645, 0.03603291039129645, 0.03603291039129645, 0.03603291039129645, 0.03603291039129645, 0.03603291039129645, 0.03603291039129645, 0.03603291039129645, 0.03603291039129645, 0.03603291039129645, 0.03603291039129645, 0.03603291039129645, 0.03603291039129645, 0.03603291039129645, 0.03603291039129645, 0.03603291039129645, 0.03603291039129645, 0.03603291039129645, 0.03603291039129645, 0.03603291039129645, 0.03603291039129645, 0.03603291039129645, 0.03603291039129645, 0.03603291039129645, 0.03603291039129645, 0.03603291039129645, 0.03603291039129645, 0.03603291039129645, 0.03603291039129645, 0.03603291039129645, 0.03603291039129645], "tune": [true, false, false, false, false, false, false, false, false, false, false, false, false, false, false, false, false, false, false, false, false, false, false, false, false, false, false, false, false, false, false, false, false, false, false, false, false, false, false, false, false, false, false, false, false, false, false, false, false, false, false, false, false, false, false, false, false, false, false, false, false, false, false, false, false, false, false, false, false, false, false, false, false, false, false, false, false, false, false, false, false, false, false, false, false, false, false, false, false, false, false, false, false, false, false, false, false, false, false, false], "mean_tree_accept": [1.0, 1.0, 1.0, 1.0, 0.9960108679995816, 0.9990828579314324, 0.9979777796083764, 0.9986506474925064, 1.0, 0.9998856437560467, 1.0, 0.9999917838115115, 0.9982650033915786, 0.9999432633088507, 0.9980892127440721, 0.9980681785028774, 0.9739670359604528, 0.9700803732014398, 0.8739002376837796, 0.7971448815350622, 0.9848740914573829, 0.9688315051105311, 0.9617701391432666, 0.8591270109486876, 0.8198422216221092, 0.7755727485027308, 0.9991510947182183, 0.9573699799121297, 0.6503294605234572, 0.9215465088122494, 0.2498638407345017, 1.0, 0.38952002077505643, 0.9591315138454051, 0.5127423537602781, 0.9162983053047457, 1.0, 0.9149366379379659, 0.9983891867228766, 0.8569215688951656, 0.8225281326093411, 0.8908171556366847, 0.6156348771052941, 0.7158642834683893, 0.8749239671231731, 0.8355006602459625, 0.9389046948821365, 0.5155048475474256, 0.8137579308967072, 0.699740998937455, 0.809415788559177, 0.9670829469505706, 0.8718380649800205, 0.9887458456355338, 0.8903471062488251, 0.9533718920420766, 0.6061455495534662, 0.4520113506967662, 0.47728746072713985, 0.5015591179657309, 0.9827718909046349, 0.8976975409253659, 0.6621173442844551, 0.8243788376292549, 0.9895688989051094, 0.9032334658390233, 0.37263608070846677, 1.0, 0.6283519403948469, 0.9250380912758602, 0.44113195347195794, 0.7918576847091578, 0.3701936369835955, 0.9196757732292411, 1.0, 0.9775100897273837, 0.9212394215677999, 0.5402394368090586, 0.6109382607328795, 0.9712174154611157, 0.5471746190042964, 0.9419265485810392, 0.5144297942911296, 0.4385966172409894, 0.9337806364027496, 0.7024763466138053, 0.6783399295017951, 0.428105092107492, 0.32095759823040165, 1.0, 0.302690894637534, 0.4111538433034998, 0.5381388906588005, 0.3433834654151508, 0.7542028457059636, 0.7362004398292503, 0.7555854893267738, 0.9467588154658046, 0.9757151998658782, 0.590983801728778], "step_size_bar": [0.007627669008326984, 0.007627669008326984, 0.007627669008326984, 0.007627669008326984, 0.007627669008326984, 0.007627669008326984, 0.007627669008326984, 0.007627669008326984, 0.007627669008326984, 0.007627669008326984, 0.007627669008326984, 0.007627669008326984, 0.007627669008326984, 0.007627669008326984, 0.007627669008326984, 0.007627669008326984, 0.007627669008326984, 0.007627669008326984, 0.007627669008326984, 0.007627669008326984, 0.007627669008326984, 0.007627669008326984, 0.007627669008326984, 0.007627669008326984, 0.007627669008326984, 0.007627669008326984, 0.007627669008326984, 0.007627669008326984, 0.007627669008326984, 0.007627669008326984, 0.007627669008326984, 0.007627669008326984, 0.007627669008326984, 0.007627669008326984, 0.007627669008326984, 0.007627669008326984, 0.007627669008326984, 0.007627669008326984, 0.007627669008326984, 0.007627669008326984, 0.007627669008326984, 0.007627669008326984, 0.007627669008326984, 0.007627669008326984, 0.007627669008326984, 0.007627669008326984, 0.007627669008326984, 0.007627669008326984, 0.007627669008326984, 0.007627669008326984, 0.007627669008326984, 0.007627669008326984, 0.007627669008326984, 0.007627669008326984, 0.007627669008326984, 0.007627669008326984, 0.007627669008326984, 0.007627669008326984, 0.007627669008326984, 0.007627669008326984, 0.007627669008326984, 0.007627669008326984, 0.007627669008326984, 0.007627669008326984, 0.007627669008326984, 0.007627669008326984, 0.007627669008326984, 0.007627669008326984, 0.007627669008326984, 0.007627669008326984, 0.007627669008326984, 0.007627669008326984, 0.007627669008326984, 0.007627669008326984, 0.007627669008326984, 0.007627669008326984, 0.007627669008326984, 0.007627669008326984, 0.007627669008326984, 0.007627669008326984, 0.007627669008326984, 0.007627669008326984, 0.007627669008326984, 0.007627669008326984, 0.007627669008326984, 0.007627669008326984, 0.007627669008326984, 0.007627669008326984, 0.007627669008326984, 0.007627669008326984, 0.007627669008326984, 0.007627669008326984, 0.007627669008326984, 0.007627669008326984, 0.007627669008326984, 0.007627669008326984, 0.007627669008326984, 0.007627669008326984, 0.007627669008326984, 0.007627669008326984], "tree_size": [7.0, 7.0, 7.0, 7.0, 7.0, 7.0, 7.0, 31.0, 15.0, 63.0, 7.0, 15.0, 15.0, 15.0, 31.0, 63.0, 31.0, 31.0, 15.0, 15.0, 63.0, 31.0, 31.0, 31.0, 63.0, 31.0, 15.0, 15.0, 15.0, 31.0, 31.0, 15.0, 15.0, 63.0, 63.0, 63.0, 31.0, 7.0, 15.0, 15.0, 15.0, 15.0, 31.0, 31.0, 63.0, 15.0, 31.0, 15.0, 15.0, 15.0, 15.0, 15.0, 15.0, 31.0, 31.0, 31.0, 31.0, 31.0, 31.0, 15.0, 31.0, 31.0, 15.0, 63.0, 63.0, 31.0, 31.0, 15.0, 31.0, 15.0, 31.0, 15.0, 63.0, 15.0, 15.0, 31.0, 15.0, 31.0, 63.0, 31.0, 31.0, 31.0, 31.0, 31.0, 31.0, 47.0, 31.0, 31.0, 31.0, 63.0, 31.0, 31.0, 31.0, 63.0, 15.0, 15.0, 31.0, 31.0, 63.0, 31.0],