{"draw_idx": 100, "draws": null, "_stats": [{"depth": [2, 2, 2, 3, 3, 2, 2, 2, 1, 4, 2, 3, 2, 3, 3, 2, 6, 6, 6, 5, 5, 6, 6, 6, 6, 6, 7, 6, 8, 7, 7, 8, 7, 7, 6, 6, 8, 4, 7, 10, 9, 10, 10, 10, 10, 10, 10, 10, 10, 10, 10, 10, 10, 10, 10, 10, 10, 10, 7, 10, 10, 10, 10, 10, 10, 10, 10, 10, 10, 10, 10, 10, 7, 10, 10, 10, 10, 10, 10, 10, 10, 10, 7, 10, 10, 10, 10, 10, 10, 10, 10, 10, 10, 10, 10, 10, 7, 10, 10, 10], "step_size": [0.004386971741301956, 0.004386971741301956, 0.004386971741301956, 0.004386971741301956, 0.004386971741301956, 0.004386971741301956, 0.004386971741301956, 0.004386971741301956, 0.004386971741301956, 0.004386971741301956, 0.004386971741301956, 0.004386971741301956, 0.004386971741301956, 0.004386971741301956, 0.004386971741301956, 0.004386971741301956, 0.004386971741301956, 0.004386971741301956, 0.004386971741301956, 0.004386971741301956, 0.004386971741301956, 0.004386971741301956, 0.004386971741301956, 0.004386971741301956, 0.004386971741301956, 0.004386971741301956, 0.004386971741301956, 0.004386971741301956, 0.004386971741301956, 0.004386971741301956, 0.004386971741301956, 0.004386971741301956, 0.004386971741301956, 0.004386971741301956, 0.004386971741301956, 0.004386971741301956, 0.004386971741301956, 0.004386971741301956, 0.004386971741301956, 0.004386971741301956, 0.004386971741301956, 0.004386971741301956, 0.004386971741301956, 0.004386971741301956, 0.004386971741301956, 0.004386971741301956, 0.004386971741301956, 0.004386971741301956, 0.004386971741301956, 0.004386971741301956, 0.004386971741301956, 0.004386971741301956, 0.004386971741301956, 0.004386971741301956, 0.004386971741301956, 0.004386971741301956, 0.004386971741301956, 0.004386971741301956, 0.004386971741301956, 0.004386971741301956, 0.004386971741301956, 0.004386971741301956, 0.004386971741301956, 0.004386971741301956, 0.004386971741301956, 0.004386971741301956, 0.004386971741301956, 0.004386971741301956, 0.004386971741301956, 0.004386971741301956, 0.004386971741301956, 0.004386971741301956, 0.004386971741301956, 0.004386971741301956, 0.004386971741301956, 0.004386971741301956, 0.004386971741301956, 0.004386971741301956, 0.004386971741301956, 0.004386971741301956, 0.004386971741301956, 0.004386971741301956, 0.004386971741301956, 0.004386971741301956, 0.004386971741301956, 0.004386971741301956, 0.004386971741301956, 0.004386971741301956, 0.004386971741301956, 0.004386971741301956, 0.004386971741301956, 0.004386971741301956, 0.004386971741301956, 0.004386971741301956, 0.004386971741301956, 0.004386971741301956, 0.004386971741301956, 0.004386971741301956, 0.004386971741301956, 0.004386971741301956], "tune": [true, false, false, false, false, false, false, false, false, false, false, false, false, false, false, false, false, false, false, false, false, false, false, false, false, false, false, false, false, false, false, false, false, false, false, false, false, false, false, false, false, false, false, false, false, false, false, false, false, false, false, false, false, false, false, false, false, false, false, false, false, false, false, false, false, false, false, false, false, false, false, false, false, false, false, false, false, false, false, false, false, false, false, false, false, false, false, false, false, false, false, false, false, false, false, false, false, false, false, false], "mean_tree_accept": [1.0, 1.0, 1.0, 1.0, 1.0, 1.0, 1.0, 1.0, 1.0, 1.0, 1.0, 1.0, 1.0, 1.0, 1.0, 0.9992347977381132, 1.0, 0.9999980562366093, 0.9999973892516111, 0.9998771200550682, 1.0, 0.9999992142669413, 0.9999984754161343, 0.9999933505606903, 0.9999998744397821, 0.9999876952813205, 0.9999960490755224, 0.9999994295812585, 0.9999999923999087, 0.9999958613066627, 0.999968234237542, 0.9995961810023435, 0.9997050506888724, 0.9984052607364293, 0.9988012629850456, 0.9996069324483048, 0.9971390997730823, 0.9999940425075455, 1.0, 0.999782400621667, 0.9995532830226015, 0.9751304473582995, 0.9901751409055134, 0.9982017231137391, 0.9993972590770308, 0.99925057550357, 0.9845329371216146, 0.9995746827115534, 0.9971021352361116, 0.9996524679765325, 0.9933660075540905, 0.999886317528387, 0.9998675891638261, 0.9942463225386409, 0.9994795493167327, 0.999992119608587, 0.9977538841541038, 0.9980889615644435, 0.9768317341589332, 0.9999679630340294, 0.9998646371040419, 0.999765273542073, 0.9999993401159792, 0.9999587015414078, 0.9887180906932568, 0.9999892057165466, 0.9999986670598778, 0.9996335020127729, 0.997936579669752, 0.9998066445339883, 0.9991672909561762, 0.9924881498540133, 0.9973900465012973, 0.9840809564783197, 0.999771524664154, 0.9981498998002041, 0.9999910447607607, 0.9964191307745015, 0.998432426365663, 0.9850762930938494, 0.9959375908989803, 0.9998562474796794, 0.9976751877452448, 0.9976069303612695, 0.9931081452398294, 0.9924860652106493, 0.9979267456852323, 0.9781520114485639, 0.9991480662791971, 0.9979947781490722, 0.996539295463654, 0.9996158767904569, 0.9965761087510013, 0.9999403080487819, 0.9888807305588223, 0.9900241797890419, 0.9934040089501759, 0.9853187113503459, 0.9985105107529203, 0.9978173271941281], "step_size_bar": [0.001213795498102317, 0.001213795498102317, 0.001213795498102317, 0.001213795498102317, 0.001213795498102317, 0.001213795498102317, 0.001213795498102317, 0.001213795498102317, 0.001213795498102317, 0.001213795498102317, 0.001213795498102317, 0.001213795498102317, 0.001213795498102317, 0.001213795498102317, 0.001213795498102317, 0.001213795498102317, 0.001213795498102317, 0.001213795498102317, 0.001213795498102317, 0.001213795498102317, 0.001213795498102317, 0.001213795498102317, 0.001213795498102317, 0.001213795498102317, 0.001213795498102317, 0.001213795498102317, 0.001213795498102317, 0.001213795498102317, 0.001213795498102317, 0.001213795498102317, 0.001213795498102317, 0.001213795498102317, 0.001213795498102317, 0.001213795498102317, 0.001213795498102317, 0.001213795498102317, 0.001213795498102317, 0.001213795498102317, 0.001213795498102317, 0.001213795498102317, 0.001213795498102317, 0.001213795498102317, 0.001213795498102317, 0.001213795498102317, 0.001213795498102317, 0.001213795498102317, 0.001213795498102317, 0.001213795498102317, 0.001213795498102317, 0.001213795498102317, 0.001213795498102317, 0.001213795498102317, 0.001213795498102317, 0.001213795498102317, 0.001213795498102317, 0.001213795498102317, 0.001213795498102317, 0.001213795498102317, 0.001213795498102317, 0.001213795498102317, 0.001213795498102317, 0.001213795498102317, 0.001213795498102317, 0.001213795498102317, 0.001213795498102317, 0.001213795498102317, 0.001213795498102317, 0.001213795498102317, 0.001213795498102317, 0.001213795498102317, 0.001213795498102317, 0.001213795498102317, 0.001213795498102317, 0.001213795498102317, 0.001213795498102317, 0.001213795498102317, 0.001213795498102317, 0.001213795498102317, 0.001213795498102317, 0.001213795498102317, 0.001213795498102317, 0.001213795498102317, 0.001213795498102317, 0.001213795498102317, 0.001213795498102317, 0.001213795498102317, 0.001213795498102317, 0.001213795498102317, 0.001213795498102317, 0.001213795498102317, 0.001213795498102317, 0.001213795498102317, 0.001213795498102317, 0.001213795498102317, 0.001213795498102317, 0.001213795498102317, 0.001213795498102317, 0.001213795498102317, 0.001213795498102317, 0.001213795498102317],